<?xml version="1.0" encoding="UTF-8" standalone="yes"?>
<config>
	<width>320</width>
	<height>240</height>
	<sound_capture>assets/camera_sound.mp3</sound_capture>
	<sound_saved>assets/save_sound.mp3</sound_saved>
	<sound_countdown>assets/countdown_sound.mp3</sound_countdown>
	
	<webcam_panel color="0xffffff" text="Live Webcam" text_color="0x8A9126" />
	<snapshot_panel color="0xffffff" text="Snapshot" text_color="0xBE1829" />
	
	<button_capture text_one="SNAP IT" text_two="SNAP NEW" color="0x8a9126" text_color="0xffffff" />
	<button_save text_one="SAVE IT" text_two="SAVED" color="0x999999" color_active="0xBE1829" text_color="0xffffff" />
	<button_countdown time="5" color="0x999999" color_active="0xBE1829" />
	<button_open_privacy text="Open Privacy Panel" color="0xff0000" text_color="0xffffff"/>
	
	<watermark>assets/logo-dark.png</watermark>
	<watermark_position>bottom/right</watermark_position>
	
	<message_instructions><![CDATA[Click the <font color="#8A9126" ><b>SNAP IT</b></font> \n button to take a snapshot.]]></message_instructions>
	<message_no_webcam>There is no webcam connected to this machine or the driver is not installed properly.</message_no_webcam>
	<message_allow_webcam>Camera access needs to be allowed in order for this application to function correctly.\n Please click the button below to open the Privacy Panel and allow camera access:</message_allow_webcam>
	<message_saving_image><![CDATA[Saving image... Please wait!]]></message_saving_image>
</config>